bd2c3e,127.0.0.1,GET,http://localhost:8888/Magazine20150908/async/dashboardnews,1442106857,a2e10b
7f1e87,127.0.0.1,GET,http://localhost:8888/Magazine20150908/async/latestactivity,1442106857,a2e10b
a2e10b,127.0.0.1,GET,http://localhost:8888/Magazine20150908/bolt,1442106857,
af4d0c,127.0.0.1,GET,http://localhost:8888/Magazine20150908/async/lastmodified/pages,1442106867,93e702
93e702,127.0.0.1,GET,http://localhost:8888/Magazine20150908/bolt/overview/pages,1442106867,
b60c78,127.0.0.1,GET,http://localhost:8888/Magazine20150908/bolt/file/edit/config/config.yml,1442106957,
a00dbd,127.0.0.1,POST,http://localhost:8888/Magazine20150908/bolt/file/edit/config/config.yml?returnto=ajax,1442107071,
6bd701,127.0.0.1,POST,http://localhost:8888/Magazine20150908/bolt/file/edit/config/config.yml?returnto=ajax,1442107120,
4fc8e0,127.0.0.1,GET,http://localhost:8888/Magazine20150908/bolt/files/theme,1442107139,
573393,127.0.0.1,GET,http://localhost:8888/Magazine20150908/async/latestactivity,1442107150,f48326
f48326,127.0.0.1,GET,http://localhost:8888/Magazine20150908/bolt/users,1442107150,
cb1637,127.0.0.1,GET,http://localhost:8888/Magazine20150908/async/latestactivity,1442107180,
ec89d5,127.0.0.1,GET,http://localhost:8888/Magazine20150908/async/latestactivity,1442107210,
3a5908,127.0.0.1,GET,http://localhost:8888/Magazine20150908/async/latestactivity,1442107240,
063e83,127.0.0.1,GET,http://localhost:8888/Magazine20150908/async/latestactivity,1442107270,
11e1c7,127.0.0.1,GET,http://localhost:8888/Magazine20150908/async/lastmodified/entries,1442107287,be6628
b21c1f,127.0.0.1,GET,http://localhost:8888/Magazine20150908/async/showstack?items=10,1442107287,be6628
be6628,127.0.0.1,GET,http://localhost:8888/Magazine20150908/bolt/editcontent/entries,1442107287,
62c7b8,127.0.0.1,GET,http://localhost:8888/Magazine20150908/async/tags/tags,1442107288,
db52b6,127.0.0.1,GET,http://localhost:8888/Magazine20150908/async/populartags/tags?limit=40,1442107288,
0def5a,127.0.0.1,GET,http://localhost:8888/Magazine20150908/async/makeuri?contenttypeslug=entries&fulluri=false&id=&slugfield=slug&title=,1442107288,
5c7579,127.0.0.1,GET,http://localhost:8888/Magazine20150908/async/makeuri?contenttypeslug=entries&fulluri=false&id=&slugfield=slug&title=Bentley%20%20-%20handcrafted%20luxury%20cars,1442107373,
1b8f59,127.0.0.1,GET,http://localhost:8888/Magazine20150908/async/makeuri?contenttypeslug=entries&fulluri=false&id=&slugfield=slug&title=Bentley%20%20-%20handcrafted%20luxury%20cars,1442107380,
0843b0,127.0.0.1,POST,http://localhost:8888/Magazine20150908/upload?handler=,1442107466,
43abf4,127.0.0.1,GET,http://localhost:8888/Magazine20150908/thumbs/200x150c/2015-09/bentley.png,1442107466,
a6ee0e,127.0.0.1,GET,http://localhost:8888/Magazine20150908/async/addstack/2015-09/bentley.png,1442107466,
b36252,127.0.0.1,GET,http://localhost:8888/Magazine20150908/thumbs/100x100c/2015-09/bentley.png,1442107466,
80bae1,127.0.0.1,GET,http://localhost:8888/Magazine20150908/thumbs/100x100c/2015-09/bentley.png,1442107467,
c1e170,127.0.0.1,POST,http://localhost:8888/Magazine20150908/bolt/editcontent/entries?returnto=new,1442107486,
1ab3db,127.0.0.1,GET,http://localhost:8888/Magazine20150908/async/lastmodified/entries,1442107486,11ecdb
abbaef,127.0.0.1,GET,http://localhost:8888/Magazine20150908/async/showstack?items=10,1442107486,11ecdb
11ecdb,127.0.0.1,GET,http://localhost:8888/Magazine20150908/bolt/editcontent/entries/1,1442107486,
f36882,127.0.0.1,GET,http://localhost:8888/Magazine20150908/thumbs/200x150c/2015-09/bentley.png,1442107486,
9b6e21,127.0.0.1,GET,http://localhost:8888/Magazine20150908/thumbs/100x100c/2015-09/bentley.png,1442107486,
816039,127.0.0.1,GET,http://localhost:8888/Magazine20150908/async/tags/tags,1442107487,
f98be6,127.0.0.1,GET,http://localhost:8888/Magazine20150908/async/populartags/tags?limit=40,1442107487,
6fe3cd,127.0.0.1,POST,http://localhost:8888/Magazine20150908/bolt/editcontent/entries/1?returnto=ajax,1442107525,
ea2fcb,127.0.0.1,GET,http://localhost:8888/Magazine20150908/bolt/files/theme,1442107599,
527e18,127.0.0.1,GET,http://localhost:8888/Magazine20150908/bolt/files/theme/base-2014,1442107608,
6b3486,127.0.0.1,GET,http://localhost:8888/Magazine20150908/bolt/files/theme,1442107632,
b18756,127.0.0.1,POST,http://localhost:8888/Magazine20150908/async/folder/create,1442107731,
d6a4f1,127.0.0.1,GET,http://localhost:8888/Magazine20150908/bolt/files/theme,1442107731,
6a14bd,127.0.0.1,GET,http://localhost:8888/Magazine20150908/bolt/files/theme/Lucky%20Lookers%20Blog,1442107734,
96947d,127.0.0.1,POST,http://localhost:8888/Magazine20150908/async/folder/create,1442107776,
cd17c7,127.0.0.1,GET,http://localhost:8888/Magazine20150908/bolt/files/theme/Lucky%20Lookers%20Blog,1442107776,
888add,127.0.0.1,GET,http://localhost:8888/Magazine20150908/bolt/files/theme/Lucky%20Lookers%20Blog/css,1442107779,
fc58c8,127.0.0.1,POST,http://localhost:8888/Magazine20150908/bolt/files/theme/Lucky%20Lookers%20Blog/css,1442107809,
30f7ab,127.0.0.1,GET,http://localhost:8888/Magazine20150908/bolt/files/theme/Lucky%20Lookers%20Blog/css,1442107809,
43fdcf,127.0.0.1,GET,http://localhost:8888/Magazine20150908/bolt/files/theme,1442107828,
af035c,127.0.0.1,GET,http://localhost:8888/Magazine20150908/bolt/files/theme/Lucky%20Lookers%20Blog,1442107831,
c0653c,127.0.0.1,POST,http://localhost:8888/Magazine20150908/async/folder/create,1442107838,
3b868f,127.0.0.1,GET,http://localhost:8888/Magazine20150908/bolt/files/theme/Lucky%20Lookers%20Blog,1442107839,
047738,127.0.0.1,GET,http://localhost:8888/Magazine20150908/bolt/files/theme/Lucky%20Lookers%20Blog/js,1442107847,
a377bc,127.0.0.1,POST,http://localhost:8888/Magazine20150908/bolt/files/theme/Lucky%20Lookers%20Blog/js,1442107865,
029b6b,127.0.0.1,GET,http://localhost:8888/Magazine20150908/bolt/files/theme/Lucky%20Lookers%20Blog/js,1442107866,
375a34,127.0.0.1,GET,http://localhost:8888/Magazine20150908/bolt/files/theme/Lucky%20Lookers%20Blog/,1442107874,
d26b6a,127.0.0.1,POST,http://localhost:8888/Magazine20150908/async/folder/create,1442107879,
897a68,127.0.0.1,GET,http://localhost:8888/Magazine20150908/bolt/files/theme/Lucky%20Lookers%20Blog/,1442107880,
7047a4,127.0.0.1,GET,http://localhost:8888/Magazine20150908/bolt/files/theme/Lucky%20Lookers%20Blog/assets,1442107883,
354b21,127.0.0.1,POST,http://localhost:8888/Magazine20150908/bolt/files/theme/Lucky%20Lookers%20Blog/assets,1442107900,
5231b6,127.0.0.1,GET,http://localhost:8888/Magazine20150908/bolt/files/theme/Lucky%20Lookers%20Blog/assets,1442107901,
063e6b,127.0.0.1,GET,http://localhost:8888/Magazine20150908/thumbs/54x40c/Lucky%20Lookers%20Blog/assets/1.jpg,1442107901,
338d41,127.0.0.1,GET,http://localhost:8888/Magazine20150908/thumbs/54x40c/Lucky%20Lookers%20Blog/assets/bentley.png,1442107901,
1753f8,127.0.0.1,GET,http://localhost:8888/Magazine20150908/thumbs/54x40c/Lucky%20Lookers%20Blog/assets/4.jpg,1442107902,
dad15c,127.0.0.1,GET,http://localhost:8888/Magazine20150908/thumbs/54x40c/Lucky%20Lookers%20Blog/assets/2.jpg,1442107902,
f10728,127.0.0.1,GET,http://localhost:8888/Magazine20150908/thumbs/54x40c/Lucky%20Lookers%20Blog/assets/3.jpg,1442107902,
e241b3,127.0.0.1,GET,http://localhost:8888/Magazine20150908/thumbs/54x40c/Lucky%20Lookers%20Blog/assets/blogbanner.jpg,1442107902,
5c02d4,127.0.0.1,GET,http://localhost:8888/Magazine20150908/thumbs/54x40c/Lucky%20Lookers%20Blog/assets/blogbanner1.jpg,1442107903,
e59b25,127.0.0.1,GET,http://localhost:8888/Magazine20150908/thumbs/54x40c/Lucky%20Lookers%20Blog/assets/blogbanner2.jpg,1442107903,
300d38,127.0.0.1,GET,http://localhost:8888/Magazine20150908/thumbs/54x40c/Lucky%20Lookers%20Blog/assets/blogbanner3.jpg,1442107903,
ad1d4f,127.0.0.1,GET,http://localhost:8888/Magazine20150908/thumbs/54x40c/Lucky%20Lookers%20Blog/assets/blogbanner4.jpg,1442107903,
6d6517,127.0.0.1,GET,http://localhost:8888/Magazine20150908/thumbs/54x40c/Lucky%20Lookers%20Blog/assets/blogbanner5.jpg,1442107904,
402310,127.0.0.1,GET,http://localhost:8888/Magazine20150908/thumbs/54x40c/Lucky%20Lookers%20Blog/assets/ceramic.png,1442107904,
465cf9,127.0.0.1,GET,http://localhost:8888/Magazine20150908/thumbs/54x40c/Lucky%20Lookers%20Blog/assets/ceramic1.png,1442107904,
720730,127.0.0.1,GET,http://localhost:8888/Magazine20150908/thumbs/54x40c/Lucky%20Lookers%20Blog/assets/ceramic1big.png,1442107904,
f9c4cb,127.0.0.1,GET,http://localhost:8888/Magazine20150908/thumbs/54x40c/Lucky%20Lookers%20Blog/assets/ceramicbig.gif,1442107904,
d2ece7,127.0.0.1,GET,http://localhost:8888/Magazine20150908/thumbs/54x40c/Lucky%20Lookers%20Blog/assets/ceramicbig.png,1442107904,
acf89d,127.0.0.1,GET,http://localhost:8888/Magazine20150908/thumbs/54x40c/Lucky%20Lookers%20Blog/assets/clip.gif,1442107905,
f70526,127.0.0.1,GET,http://localhost:8888/Magazine20150908/thumbs/54x40c/Lucky%20Lookers%20Blog/assets/clipboard.png,1442107905,
8ebd26,127.0.0.1,GET,http://localhost:8888/Magazine20150908/thumbs/54x40c/Lucky%20Lookers%20Blog/assets/clipboardbig.png,1442107905,
393d1f,127.0.0.1,GET,http://localhost:8888/Magazine20150908/bolt/files/theme/Lucky%20Lookers%20Blog/,1442107907,
661fdf,127.0.0.1,POST,http://localhost:8888/Magazine20150908/async/folder/create,1442107915,
cbe11b,127.0.0.1,GET,http://localhost:8888/Magazine20150908/bolt/files/theme/Lucky%20Lookers%20Blog/,1442107915,
089af2,127.0.0.1,GET,http://localhost:8888/Magazine20150908/bolt/files/theme/Lucky%20Lookers%20Blog/fonts,1442107918,
c84468,127.0.0.1,POST,http://localhost:8888/Magazine20150908/bolt/files/theme/Lucky%20Lookers%20Blog/fonts,1442107947,
944315,127.0.0.1,GET,http://localhost:8888/Magazine20150908/bolt/files/theme/Lucky%20Lookers%20Blog/fonts,1442107947,
825adf,127.0.0.1,GET,http://localhost:8888/Magazine20150908/bolt/files/theme,1442107965,
12ef82,127.0.0.1,GET,http://localhost:8888/Magazine20150908/bolt/file/edit/config/config.yml,1442107976,
6eacdb,127.0.0.1,POST,http://localhost:8888/Magazine20150908/bolt/file/edit/config/config.yml?returnto=ajax,1442107986,
946b05,127.0.0.1,GET,http://localhost:8888/Magazine20150908/bolt/files,1442108006,
5503fd,127.0.0.1,GET,http://localhost:8888/Magazine20150908/thumbs/54x40c/agriculture-cereals-field-621.jpg,1442108007,
94b3d2,127.0.0.1,GET,http://localhost:8888/Magazine20150908/thumbs/54x40c/alarm-clock-gold-hands-of-a-clock-1778.jpg,1442108007,
bbe513,127.0.0.1,GET,http://localhost:8888/Magazine20150908/thumbs/54x40c/analog-camera-photography-vintage-1844.jpg,1442108007,
8ea98c,127.0.0.1,GET,http://localhost:8888/Magazine20150908/thumbs/54x40c/apple-desk-iphone-2750.jpg,1442108007,
efe7d9,127.0.0.1,GET,http://localhost:8888/Magazine20150908/thumbs/54x40c/bell-bills-cash-register-2738.jpg,1442108007,
ae3987,127.0.0.1,GET,http://localhost:8888/Magazine20150908/thumbs/54x40c/architecture-books-building-2757.jpg,1442108008,
78a4b6,127.0.0.1,GET,http://localhost:8888/Magazine20150908/thumbs/54x40c/blur-breakfast-coffee-271.jpg,1442108008,
b35a4b,127.0.0.1,GET,http://localhost:8888/Magazine20150908/thumbs/54x40c/blur-flowers-home-1093.jpg,1442108008,
208be1,127.0.0.1,GET,http://localhost:8888/Magazine20150908/thumbs/54x40c/building-frame-garage-1599.jpg,1442108008,
401e87,127.0.0.1,GET,http://localhost:8888/Magazine20150908/thumbs/54x40c/california-foggy-golden-gate-bridge-2771.jpg,1442108008,
eaf0ee,127.0.0.1,GET,http://localhost:8888/Magazine20150908/thumbs/54x40c/carrot-cooking-eat-1398.jpg,1442108009,
4b1a10,127.0.0.1,GET,http://localhost:8888/Magazine20150908/thumbs/54x40c/configure-disc-jockey-disco-1504.jpg,1442108009,
3c785a,127.0.0.1,GET,http://localhost:8888/Magazine20150908/thumbs/54x40c/food-fruit-orange-1286.jpg,1442108009,
108434,127.0.0.1,GET,http://localhost:8888/Magazine20150908/thumbs/54x40c/garden-gardening-grass-589.jpg,1442108009,
3bc652,127.0.0.1,GET,http://localhost:8888/Magazine20150908/thumbs/54x40c/keyboard-old-technology-2318.jpg,1442108009,
0cbf60,127.0.0.1,GET,http://localhost:8888/Magazine20150908/bolt/files/theme,1442108015,
41553a,127.0.0.1,GET,http://localhost:8888/Magazine20150908/bolt/file/edit/config/config.yml,1442108020,
3ebf3d,127.0.0.1,POST,http://localhost:8888/Magazine20150908/bolt/file/edit/config/config.yml?returnto=ajax,1442108028,
814622,127.0.0.1,GET,http://localhost:8888/Magazine20150908/bolt/files/theme,1442108042,
fd1f45,127.0.0.1,GET,http://localhost:8888/Magazine20150908/bolt/files/theme/base-2014,1442108049,
9fcdc2,127.0.0.1,GET,http://localhost:8888/Magazine20150908/async/dashboardnews,1442108089,42084b
a5cfdb,127.0.0.1,GET,http://localhost:8888/Magazine20150908/async/showstack?items=10,1442108089,42084b
963d14,127.0.0.1,GET,http://localhost:8888/Magazine20150908/async/latestactivity,1442108089,42084b
42084b,127.0.0.1,GET,http://localhost:8888/Magazine20150908/bolt,1442108089,
d553a5,127.0.0.1,GET,http://localhost:8888/Magazine20150908/thumbs/100x100c/Lucky%20Lookers%20Blog/assets/clipboardbig.png,1442108089,
4b5ce4,127.0.0.1,GET,http://localhost:8888/Magazine20150908/thumbs/54x41c/2015-09/bentley.png,1442108089,
7c0f15,127.0.0.1,GET,http://localhost:8888/Magazine20150908/thumbs/100x100c/Lucky%20Lookers%20Blog/assets/clipboard.png,1442108089,
9a2a97,127.0.0.1,GET,http://localhost:8888/Magazine20150908/thumbs/100x100c/Lucky%20Lookers%20Blog/assets/clip.gif,1442108090,
132208,127.0.0.1,GET,http://localhost:8888/Magazine20150908/thumbs/100x100c/Lucky%20Lookers%20Blog/assets/ceramicbig.gif,1442108090,
41708f,127.0.0.1,GET,http://localhost:8888/Magazine20150908/thumbs/100x100c/Lucky%20Lookers%20Blog/assets/ceramic1big.png,1442108090,
82207b,127.0.0.1,GET,http://localhost:8888/Magazine20150908/thumbs/100x100c/Lucky%20Lookers%20Blog/assets/ceramicbig.png,1442108090,
9dc79d,127.0.0.1,GET,http://localhost:8888/Magazine20150908/thumbs/100x100c/Lucky%20Lookers%20Blog/assets/ceramic1.png,1442108090,
a08031,127.0.0.1,GET,http://localhost:8888/Magazine20150908/thumbs/100x100c/Lucky%20Lookers%20Blog/assets/ceramic.png,1442108090,
7c4372,127.0.0.1,GET,http://localhost:8888/Magazine20150908/thumbs/100x100c/Lucky%20Lookers%20Blog/assets/blogBanner5.jpg,1442108091,
d321b5,127.0.0.1,GET,http://localhost:8888/Magazine20150908/async/latestactivity,1442108119,
957392,127.0.0.1,GET,http://localhost:8888/Magazine20150908/bolt/file/edit/config/contenttypes.yml,1442108177,
dcb756,127.0.0.1,GET,http://localhost:8888/Magazine20150908/bolt/file/edit/config/config.yml,1442108252,
8144f4,127.0.0.1,GET,http://localhost:8888/Magazine20150908/bolt/files/theme,1442108328,
69917c,127.0.0.1,GET,http://localhost:8888/Magazine20150908/bolt/files/theme/base-2014,1442108333,
26ec34,127.0.0.1,GET,http://localhost:8888/Magazine20150908/bolt/extend,1442108894,
55ba34,127.0.0.1,GET,http://localhost:8888/Magazine20150908/bolt/extend/installed,1442108913,
f1ad66,127.0.0.1,GET,http://localhost:8888/Magazine20150908/bolt/extend/installInfo?package=,1442108924,
8bf581,127.0.0.1,GET,http://localhost:8888/Magazine20150908/bolt/files/config/extensions,1442108947,
